domain,totalCount,countPrev30,growth
gmail.com,49.0,40.0,4.44444444444444
aol.com,21.0,4.0,0.235294117647059
hotmail.com,32.0,17.0,1.13333333333333
yahoo.com,38.0,19.0,1.0
