Domain,Total Users,New Users in Last 30 Days,Growth (%)
gmail.com,49.0,40.0,444.44444444444446
hotmail.com,32.0,17.0,113.33333333333333
yahoo.com,38.0,19.0,100.0
aol.com,21.0,4.0,23.52941176470588
